State,Account length,Area code,International plan,Voice mail plan,Number vmail messages,Total day minutes,Total day calls,Total day charge,Total eve minutes,Total eve calls,Total eve charge,Total night minutes,Total night calls,Total night charge,Total intl minutes,Total intl calls,Total intl charge,Customer service calls,true_churn,pred_churn_prob,highrisk_model_top10,highrisk_rule,highrisk_and,highrisk_or,risk_reasons
OH,84,408,Yes,No,0,299.4,71,50.9,61.9,88,5.26,196.9,89,8.86,6.6,7,1.78,2,0,0.8987007859538046,True,False,False,True,Top10%_Model
OK,75,415,Yes,No,0,166.7,113,28.34,148.3,122,12.61,186.9,121,8.41,10.1,3,2.73,3,0,0.9220294308128371,True,False,False,True,Top10%_Model
WV,141,415,Yes,Yes,37,258.6,84,43.96,222.0,111,18.87,326.4,97,14.69,11.2,5,3.02,0,0,0.8492762360767528,True,False,False,True,Top10%_Model
IA,62,415,No,No,0,120.7,70,20.52,307.2,76,26.11,203.0,99,9.14,13.1,6,3.54,4,0,0.5465730493902243,False,True,False,True,Rule(CS>=4 & (IntlYes or VMNo))
CO,77,408,No,No,0,62.4,89,10.61,169.9,121,14.44,209.6,64,9.43,5.7,6,1.54,5,1,0.3600944317804052,False,True,False,True,Rule(CS>=4 & (IntlYes or VMNo))
WY,87,415,No,No,0,151.0,83,25.67,219.7,116,18.67,203.9,127,9.18,9.7,3,2.62,5,1,0.6940942954402042,False,True,False,True,Rule(CS>=4 & (IntlYes or VMNo))
TX,150,510,No,No,0,178.9,101,30.41,169.1,110,14.37,148.6,100,6.69,13.8,3,3.73,4,1,0.8224262071628161,True,True,True,True,Top10%_Model; Rule(CS>=4 & (IntlYes or VMNo))
NJ,138,408,No,No,0,241.8,93,41.11,170.5,83,14.49,295.3,104,13.29,11.8,7,3.19,3,0,0.8638320971342003,True,False,False,True,Top10%_Model
NY,144,408,No,No,0,61.6,117,10.47,77.1,85,6.55,173.0,99,7.79,8.2,7,2.21,4,1,0.1885742187531823,False,True,False,True,Rule(CS>=4 & (IntlYes or VMNo))
OR,116,415,Yes,No,0,215.4,104,36.62,204.8,79,17.41,278.5,109,12.53,12.6,5,3.4,3,0,0.972285219268812,True,False,False,True,Top10%_Model
IN,94,408,No,No,0,157.9,105,26.84,155.0,101,13.18,189.6,84,8.53,8.0,5,2.16,4,1,0.43254940895148014,False,True,False,True,Rule(CS>=4 & (IntlYes or VMNo))
ME,78,415,No,No,0,252.9,93,42.99,178.4,112,15.16,263.9,105,11.88,9.5,7,2.57,3,0,0.8200562427686748,True,False,False,True,Top10%_Model
AZ,99,415,No,No,0,198.2,87,33.69,207.3,76,17.62,190.9,113,8.59,8.7,3,2.35,4,0,0.5898972502122791,False,True,False,True,Rule(CS>=4 & (IntlYes or VMNo))
AZ,95,408,No,No,0,238.1,65,40.48,187.2,98,15.91,190.0,115,8.55,11.8,4,3.19,4,0,0.6949882569432893,False,True,False,True,Rule(CS>=4 & (IntlYes or VMNo))
AL,98,408,No,No,0,161.0,117,27.37,190.9,113,16.23,227.7,113,10.25,12.1,4,3.27,4,0,0.5662702273378978,False,True,False,True,Rule(CS>=4 & (IntlYes or VMNo))
ME,36,510,Yes,Yes,42,196.8,89,33.46,254.9,122,21.67,138.3,126,6.22,20.0,6,5.4,0,1,0.8419431177007134,True,False,False,True,Top10%_Model
MS,162,415,No,No,0,70.7,108,12.02,157.5,87,13.39,154.8,82,6.97,9.1,3,2.46,4,1,0.45000183665581434,False,True,False,True,Rule(CS>=4 & (IntlYes or VMNo))
TX,82,408,No,No,0,200.3,96,34.05,201.2,102,17.1,206.1,60,9.27,7.1,1,1.92,4,0,0.8713379019196204,True,True,True,True,Top10%_Model; Rule(CS>=4 & (IntlYes or VMNo))
AL,91,510,Yes,No,0,129.9,112,22.08,173.3,83,14.73,247.2,130,11.12,11.2,3,3.02,3,0,0.8182997071074397,True,False,False,True,Top10%_Model
VT,117,408,Yes,No,0,167.1,86,28.41,177.5,87,15.09,249.4,132,11.22,14.1,7,3.81,2,1,0.809522634510237,True,False,False,True,Top10%_Model
UT,83,408,Yes,No,0,271.5,87,46.16,216.3,126,18.39,121.1,105,5.45,11.7,4,3.16,1,0,0.939265670970738,True,False,False,True,Top10%_Model
OK,96,415,No,No,0,260.4,115,44.27,146.0,46,12.41,269.5,87,12.13,11.5,4,3.11,5,0,0.9354614609072349,True,True,True,True,Top10%_Model; Rule(CS>=4 & (IntlYes or VMNo))
WV,94,510,Yes,Yes,23,197.1,125,33.51,214.5,136,18.23,282.2,103,12.7,9.5,5,2.57,4,0,0.9311624322507278,True,True,True,True,Top10%_Model; Rule(CS>=4 & (IntlYes or VMNo))
AK,126,415,No,No,0,58.2,94,9.89,138.7,118,11.79,136.8,91,6.16,11.9,1,3.21,5,1,0.2509006469461191,False,True,False,True,Rule(CS>=4 & (IntlYes or VMNo))
VA,170,510,Yes,No,0,259.9,68,44.18,245.0,122,20.83,134.4,121,6.05,8.4,3,2.27,3,0,0.9299164882581236,True,False,False,True,Top10%_Model
ME,131,510,Yes,Yes,26,292.9,101,49.79,199.7,97,16.97,255.3,127,11.49,13.8,7,3.73,4,1,0.9883919102716187,True,True,True,True,Top10%_Model; Rule(CS>=4 & (IntlYes or VMNo))
FL,70,510,Yes,No,0,226.7,98,38.54,228.1,115,19.39,73.2,93,3.29,17.6,4,4.75,2,1,0.9386628921099099,True,False,False,True,Top10%_Model
MD,93,408,Yes,No,0,312.0,109,53.04,129.4,100,11.0,217.6,74,9.79,10.5,2,2.84,0,1,0.9251039948546322,True,False,False,True,Top10%_Model
OH,63,415,Yes,Yes,36,199.0,110,33.83,291.3,111,24.76,197.6,92,8.89,11.0,6,2.97,1,0,0.8550485882739688,True,False,False,True,Top10%_Model
ID,92,415,Yes,No,0,173.1,140,29.43,240.3,105,20.43,233.2,117,10.49,9.0,5,2.43,1,0,0.8680687503629357,True,False,False,True,Top10%_Model
NV,137,415,Yes,No,0,135.1,95,22.97,134.1,102,11.4,223.1,81,10.04,12.3,2,3.32,2,1,0.8460236839047792,True,False,False,True,Top10%_Model
NJ,106,415,No,No,0,207.9,91,35.34,172.0,109,14.62,191.8,143,8.63,14.4,7,3.89,4,0,0.8560121039716304,True,True,True,True,Top10%_Model; Rule(CS>=4 & (IntlYes or VMNo))
TX,97,415,Yes,No,0,143.7,117,24.43,273.0,82,23.21,178.3,81,8.02,10.9,3,2.94,0,0,0.8563115514752722,True,False,False,True,Top10%_Model
MA,118,408,Yes,No,0,160.0,123,27.2,175.4,96,14.91,184.8,99,8.32,9.9,3,2.67,2,0,0.8949973713775893,True,False,False,True,Top10%_Model
VT,146,510,Yes,No,0,204.4,135,34.75,219.1,90,18.62,222.7,114,10.02,10.5,6,2.84,3,0,0.9373092020008952,True,False,False,True,Top10%_Model
ME,113,415,No,No,0,215.5,129,36.64,218.7,117,18.59,207.1,91,9.32,6.6,9,1.78,4,0,0.8313275524619227,True,True,True,True,Top10%_Model; Rule(CS>=4 & (IntlYes or VMNo))
SD,209,415,No,No,0,227.2,128,38.62,258.4,92,21.96,183.5,74,8.26,8.9,4,2.4,3,0,0.8461038076502616,True,False,False,True,Top10%_Model
SD,128,510,Yes,Yes,32,223.5,81,38.0,188.8,74,16.05,154.9,101,6.97,9.4,2,2.54,2,1,0.8661470348878498,True,False,False,True,Top10%_Model
MT,54,415,No,No,0,272.6,83,46.34,248.7,74,21.14,197.4,111,8.88,9.5,2,2.57,1,1,0.8143379770532544,True,False,False,True,Top10%_Model
AL,86,415,No,No,0,128.3,121,21.81,197.1,93,16.75,138.4,152,6.23,12.2,5,3.29,7,1,0.778904342919539,False,True,False,True,Rule(CS>=4 & (IntlYes or VMNo))
FL,100,510,No,No,0,107.0,63,18.19,105.7,67,8.98,243.1,74,10.94,12.8,3,3.46,4,1,0.34137318031345987,False,True,False,True,Rule(CS>=4 & (IntlYes or VMNo))
AK,59,510,No,No,0,182.5,104,31.03,204.7,95,17.4,229.9,100,10.35,11.3,8,3.05,4,0,0.5224120850903993,False,True,False,True,Rule(CS>=4 & (IntlYes or VMNo))
AR,179,415,Yes,Yes,38,220.1,78,37.42,234.3,71,19.92,237.3,85,10.68,10.1,4,2.73,4,0,0.9683609200663402,True,True,True,True,Top10%_Model; Rule(CS>=4 & (IntlYes or VMNo))
CO,159,408,Yes,No,0,257.1,53,43.71,312.2,127,26.54,183.0,82,8.24,8.8,6,2.38,1,1,0.9524005221631622,True,False,False,True,Top10%_Model
NC,112,415,No,No,0,193.3,96,32.86,264.1,123,22.45,128.6,115,5.79,9.1,3,2.46,4,0,0.7499889331744737,False,True,False,True,Rule(CS>=4 & (IntlYes or VMNo))
CA,151,415,Yes,No,0,218.0,57,37.06,114.4,88,9.72,269.2,95,12.11,12.4,1,3.35,0,1,0.9110254138956164,True,False,False,True,Top10%_Model
MO,95,415,Yes,No,0,165.5,84,28.14,286.2,112,24.33,198.9,89,8.95,11.5,2,3.11,1,1,0.8422390816024754,True,False,False,True,Top10%_Model
SD,137,510,No,No,0,242.1,118,41.16,191.0,93,16.24,218.6,50,9.84,14.7,2,3.97,3,0,0.8671055129168578,True,False,False,True,Top10%_Model
KS,137,415,No,No,0,230.2,113,39.13,220.4,79,18.73,204.7,111,9.21,10.7,7,2.89,4,0,0.8532631769804001,True,True,True,True,Top10%_Model; Rule(CS>=4 & (IntlYes or VMNo))
MD,98,415,No,No,0,206.5,92,35.11,176.2,152,14.98,232.8,115,10.48,12.4,5,3.35,5,0,0.8918693951543796,True,True,True,True,Top10%_Model; Rule(CS>=4 & (IntlYes or VMNo))
OH,73,415,No,No,0,183.4,80,31.18,242.0,115,20.57,201.4,100,9.06,7.5,3,2.03,4,0,0.7569393085246323,False,True,False,True,Rule(CS>=4 & (IntlYes or VMNo))
DE,122,510,No,No,0,157.1,134,26.71,184.9,122,15.72,197.2,59,8.87,8.5,5,2.3,4,1,0.594143568876418,False,True,False,True,Rule(CS>=4 & (IntlYes or VMNo))
MS,126,415,No,No,0,256.5,112,43.61,199.5,90,16.96,188.3,122,8.47,7.0,5,1.89,3,0,0.8424896454675938,True,False,False,True,Top10%_Model
WI,85,408,Yes,No,0,165.4,107,28.12,196.0,126,16.66,349.2,110,15.71,9.6,7,2.59,2,0,0.8742890706750832,True,False,False,True,Top10%_Model
NV,71,415,Yes,No,0,178.2,113,30.29,167.8,94,14.26,182.1,111,8.19,13.6,3,3.67,3,1,0.9488310127653667,True,False,False,True,Top10%_Model
ME,92,415,Yes,No,0,130.7,113,22.22,260.6,122,22.15,244.2,98,10.99,9.4,2,2.54,2,1,0.9381350461768462,True,False,False,True,Top10%_Model
MI,93,415,Yes,No,0,216.9,61,36.87,207.4,120,17.63,221.7,110,9.98,17.5,5,4.73,1,1,0.9390205385398273,True,False,False,True,Top10%_Model
SC,88,510,No,No,0,73.3,86,12.46,161.4,82,13.72,239.6,76,10.78,8.2,3,2.21,4,1,0.5326550339773563,False,True,False,True,Rule(CS>=4 & (IntlYes or VMNo))
KY,122,408,No,Yes,27,253.7,84,43.13,229.2,109,19.48,190.5,123,8.57,9.2,5,2.48,7,0,0.9292643159826427,True,False,False,True,Top10%_Model
MN,152,415,Yes,Yes,20,237.5,120,40.38,253.4,94,21.54,265.2,80,11.93,14.2,3,3.83,9,1,0.9991809141653469,True,True,True,True,Top10%_Model; Rule(CS>=4 & (IntlYes or VMNo))
AK,111,415,No,No,0,172.8,58,29.38,183.1,108,15.56,158.8,104,7.15,7.9,3,2.13,4,1,0.4016974435310634,False,True,False,True,Rule(CS>=4 & (IntlYes or VMNo))
GA,44,510,No,No,0,288.1,112,48.98,258.0,92,21.93,192.4,90,8.66,10.2,4,2.75,3,1,0.8692837158277192,True,False,False,True,Top10%_Model
MD,85,510,Yes,No,0,216.0,73,36.72,188.2,117,16.0,147.1,98,6.62,3.6,7,0.97,2,0,0.8477574574276131,True,False,False,True,Top10%_Model
NC,133,408,Yes,Yes,32,221.1,137,37.59,264.9,99,22.52,168.9,108,7.6,15.4,4,4.16,2,1,0.9260101823841467,True,False,False,True,Top10%_Model
TX,90,408,Yes,No,0,221.8,97,37.71,203.8,134,17.32,215.8,154,9.71,8.4,4,2.27,1,0,0.9423044981912576,True,False,False,True,Top10%_Model
OR,151,510,No,No,0,156.4,108,26.59,233.4,118,19.84,195.7,141,8.81,7.7,6,2.08,4,0,0.6281910273879825,False,True,False,True,Rule(CS>=4 & (IntlYes or VMNo))
KS,110,415,Yes,No,0,293.3,79,49.86,188.5,90,16.02,266.9,91,12.01,14.5,4,3.92,0,1,0.9475512058327118,True,False,False,True,Top10%_Model
DE,87,510,No,No,0,256.2,105,43.55,160.7,102,13.66,249.4,80,11.22,7.4,2,2.0,4,0,0.8297833117424697,True,True,True,True,Top10%_Model; Rule(CS>=4 & (IntlYes or VMNo))
TX,75,415,Yes,No,0,222.4,78,37.81,327.0,111,27.8,208.0,104,9.36,8.7,9,2.35,1,1,0.9629349167483547,True,False,False,True,Top10%_Model
NE,82,408,No,No,0,185.8,36,31.59,276.5,134,23.5,192.1,104,8.64,5.7,7,1.54,4,0,0.6095992887103323,False,True,False,True,Rule(CS>=4 & (IntlYes or VMNo))
WY,129,510,No,No,0,143.7,114,24.43,297.8,98,25.31,212.6,86,9.57,11.4,8,3.08,4,0,0.6465854770576657,False,True,False,True,Rule(CS>=4 & (IntlYes or VMNo))
GA,57,408,Yes,Yes,30,234.5,130,39.87,195.2,116,16.59,268.8,94,12.1,11.4,4,3.08,2,0,0.9081326422799857,True,False,False,True,Top10%_Model
UT,68,415,No,No,0,162.1,86,27.56,155.0,86,13.18,189.7,87,8.54,11.0,9,2.97,5,1,0.6734980711975592,False,True,False,True,Rule(CS>=4 & (IntlYes or VMNo))
KY,91,415,Yes,No,0,145.0,89,24.65,175.8,102,14.94,223.7,151,10.07,16.7,3,4.51,2,1,0.8697223079032522,True,False,False,True,Top10%_Model
PA,122,415,Yes,No,0,230.9,132,39.25,243.2,99,20.67,182.4,57,8.21,11.0,2,2.97,0,1,0.9188003876550601,True,False,False,True,Top10%_Model
NJ,74,415,No,No,0,230.9,93,39.25,223.0,78,18.96,157.8,101,7.1,9.7,2,2.62,3,0,0.8363419030937606,True,False,False,True,Top10%_Model
MA,127,408,Yes,No,0,176.9,110,30.07,167.9,100,14.27,182.2,138,8.2,7.7,2,2.08,1,1,0.8258823574894425,True,False,False,True,Top10%_Model
MS,107,510,Yes,No,0,273.5,104,46.5,183.8,68,15.62,153.8,67,6.92,11.0,9,2.97,2,0,0.9670070999884935,True,False,False,True,Top10%_Model
KS,103,408,Yes,No,0,62.8,124,10.68,170.4,66,14.48,280.2,78,12.61,9.4,4,2.54,3,0,0.8180095701210386,True,False,False,True,Top10%_Model
NV,69,510,Yes,Yes,33,271.5,98,46.16,253.4,102,21.54,165.4,85,7.44,8.2,2,2.21,1,1,0.9076408313835702,True,False,False,True,Top10%_Model
CO,121,408,Yes,No,0,167.7,94,28.51,93.7,121,7.96,241.3,115,10.86,13.4,1,3.62,3,1,0.9183917998360789,True,False,False,True,Top10%_Model
NV,77,415,No,No,0,239.2,114,40.66,150.0,115,12.75,160.8,81,7.24,10.3,2,2.78,5,0,0.8969376213695133,True,True,True,True,Top10%_Model; Rule(CS>=4 & (IntlYes or VMNo))
KS,149,510,No,No,0,217.7,91,37.01,273.5,74,23.25,226.9,99,10.21,9.6,3,2.59,3,0,0.8171569450775721,True,False,False,True,Top10%_Model
MD,52,415,No,No,0,209.8,114,35.67,171.3,82,14.56,154.6,119,6.96,9.9,9,2.67,4,0,0.6688362895052282,False,True,False,True,Rule(CS>=4 & (IntlYes or VMNo))
MA,98,510,No,No,0,271.4,119,46.14,190.4,102,16.18,284.7,118,12.81,11.1,6,3.0,4,1,0.9313466285223072,True,True,True,True,Top10%_Model; Rule(CS>=4 & (IntlYes or VMNo))
WA,103,415,No,No,0,204.9,107,34.83,135.2,102,11.49,208.2,106,9.37,10.4,3,2.81,5,0,0.8758628303294587,True,True,True,True,Top10%_Model; Rule(CS>=4 & (IntlYes or VMNo))
FL,129,415,Yes,No,0,267.4,78,45.46,204.2,85,17.36,111.7,146,5.03,5.9,4,1.59,1,0,0.8627821331905398,True,False,False,True,Top10%_Model
ME,97,510,No,No,0,120.8,96,20.54,169.8,101,14.43,194.1,63,8.73,11.9,3,3.21,4,1,0.61915434507519,False,True,False,True,Rule(CS>=4 & (IntlYes or VMNo))
CT,23,510,No,No,0,321.6,107,54.67,251.6,115,21.39,141.1,158,6.35,11.3,3,3.05,2,1,0.8581126018162805,True,False,False,True,Top10%_Model
HI,149,510,No,No,0,166.6,61,28.32,218.8,107,18.6,208.3,131,9.37,8.2,6,2.21,7,0,0.7900956663377035,False,True,False,True,Rule(CS>=4 & (IntlYes or VMNo))
WV,161,415,No,No,0,191.9,113,32.62,70.9,87,6.03,204.8,107,9.22,13.4,4,3.62,4,1,0.5572596880319783,False,True,False,True,Rule(CS>=4 & (IntlYes or VMNo))
CO,23,408,No,No,0,190.2,89,32.33,166.4,108,14.14,219.8,73,9.89,15.0,4,4.05,6,0,0.9089158920449907,True,True,True,True,Top10%_Model; Rule(CS>=4 & (IntlYes or VMNo))
AR,118,415,No,No,0,267.8,145,45.53,316.4,121,26.89,208.6,91,9.39,14.4,11,3.89,5,1,0.966334122215787,True,True,True,True,Top10%_Model; Rule(CS>=4 & (IntlYes or VMNo))
MD,86,408,No,No,0,226.3,88,38.47,223.0,107,18.96,255.6,92,11.5,13.0,3,3.51,4,0,0.9039059428510622,True,True,True,True,Top10%_Model; Rule(CS>=4 & (IntlYes or VMNo))
NJ,46,408,No,No,0,257.4,67,43.76,261.1,91,22.19,204.4,107,9.2,13.4,5,3.62,2,1,0.8541127851963918,True,False,False,True,Top10%_Model
VT,63,415,No,No,0,278.0,102,47.26,266.4,114,22.64,224.1,118,10.08,13.1,4,3.54,4,1,0.9102702626820831,True,True,True,True,Top10%_Model; Rule(CS>=4 & (IntlYes or VMNo))
NY,64,415,Yes,No,0,346.8,55,58.96,249.5,79,21.21,275.4,102,12.39,13.3,9,3.59,1,1,0.9863348915019059,True,False,False,True,Top10%_Model
KS,110,415,Yes,Yes,27,267.9,103,45.54,263.3,74,22.38,178.1,106,8.01,8.3,2,2.24,1,1,0.8959086794159961,True,False,False,True,Top10%_Model
MI,133,408,No,No,0,277.3,138,47.14,228.4,117,19.41,117.3,103,5.28,12.8,4,3.46,2,1,0.8166327655210527,True,False,False,True,Top10%_Model
UT,161,510,Yes,No,0,194.2,106,33.01,249.4,105,21.2,254.9,129,11.47,12.9,1,3.48,1,1,0.9432270955515502,True,False,False,True,Top10%_Model
CA,112,415,No,No,0,111.9,92,19.02,114.0,143,9.69,146.8,79,6.61,14.1,3,3.81,5,1,0.7808975977827215,False,True,False,True,Rule(CS>=4 & (IntlYes or VMNo))
CT,150,510,No,No,0,189.3,77,32.18,220.9,105,18.78,238.7,117,10.74,9.2,5,2.48,4,0,0.7823991631630136,False,True,False,True,Rule(CS>=4 & (IntlYes or VMNo))
MT,60,408,No,No,0,252.7,97,42.96,221.1,121,18.79,109.9,100,4.95,12.4,4,3.35,2,0,0.820347812977934,True,False,False,True,Top10%_Model
NJ,111,510,No,No,0,176.9,128,30.07,102.8,56,8.74,213.7,84,9.62,10.5,2,2.84,4,1,0.7391669318893249,False,True,False,True,Rule(CS>=4 & (IntlYes or VMNo))
NV,64,408,No,No,0,148.1,73,25.18,164.9,101,14.02,216.0,125,9.72,12.3,2,3.32,5,1,0.7774329735139454,False,True,False,True,Rule(CS>=4 & (IntlYes or VMNo))
WY,106,415,Yes,Yes,26,270.3,111,45.95,215.2,90,18.29,254.0,133,11.43,14.4,7,3.89,1,1,0.8358741760080436,True,False,False,True,Top10%_Model
UT,105,415,No,No,0,106.4,71,18.09,240.1,83,20.41,147.7,114,6.65,5.3,4,1.43,6,1,0.7254572659168717,False,True,False,True,Rule(CS>=4 & (IntlYes or VMNo))
GA,132,415,No,No,0,193.3,106,32.86,128.3,94,10.91,162.1,119,7.29,11.6,4,3.13,5,1,0.7490869599980785,False,True,False,True,Rule(CS>=4 & (IntlYes or VMNo))
KS,167,415,No,No,0,131.6,120,22.37,211.3,96,17.96,168.3,97,7.57,11.1,4,3.0,4,1,0.6480446001138708,False,True,False,True,Rule(CS>=4 & (IntlYes or VMNo))
CA,60,415,Yes,No,0,183.0,110,31.11,206.7,93,17.57,203.8,119,9.17,11.1,6,3.0,1,0,0.9300436655339831,True,False,False,True,Top10%_Model
MN,40,510,Yes,No,0,170.7,55,29.02,179.1,108,15.22,281.9,89,12.69,8.2,9,2.21,3,0,0.9028169613571937,True,False,False,True,Top10%_Model
NH,13,415,No,No,0,193.2,89,32.84,194.4,90,16.52,186.5,104,8.39,9.7,2,2.62,4,0,0.7503802640969711,False,True,False,True,Rule(CS>=4 & (IntlYes or VMNo))
MD,172,408,No,No,0,287.1,108,48.81,178.4,125,15.16,153.2,98,6.89,14.4,2,3.89,3,1,0.8860266711833658,True,False,False,True,Top10%_Model
MD,88,415,Yes,No,0,235.1,98,39.97,251.8,79,21.4,285.9,76,12.87,7.2,2,1.94,4,1,0.9917969660518711,True,True,True,True,Top10%_Model; Rule(CS>=4 & (IntlYes or VMNo))
MO,98,415,No,No,0,221.2,80,37.6,213.6,104,18.16,291.8,89,13.13,11.9,3,3.21,4,0,0.822990802836993,True,True,True,True,Top10%_Model; Rule(CS>=4 & (IntlYes or VMNo))
IL,78,415,Yes,No,0,236.8,141,40.26,265.3,101,22.55,152.4,77,6.86,9.5,2,2.57,1,1,0.864453147702881,True,False,False,True,Top10%_Model
OH,147,415,Yes,Yes,24,219.9,118,37.38,208.5,116,17.72,352.5,111,15.86,8.1,4,2.19,3,0,0.9471115903430042,True,False,False,True,Top10%_Model
OK,159,510,No,No,0,198.8,107,33.8,195.5,91,16.62,213.3,120,9.6,16.5,7,4.46,5,0,0.9019340742226133,True,True,True,True,Top10%_Model; Rule(CS>=4 & (IntlYes or VMNo))
ND,136,510,Yes,No,0,256.8,90,43.66,230.1,104,19.56,143.6,82,6.46,9.1,10,2.46,3,0,0.9508009473665218,True,False,False,True,Top10%_Model
MN,138,415,No,No,0,194.3,83,33.03,189.9,97,16.14,232.2,102,10.45,9.0,3,2.43,5,0,0.8645348282890167,True,True,True,True,Top10%_Model; Rule(CS>=4 & (IntlYes or VMNo))
RI,107,510,Yes,No,0,194.4,83,33.05,247.8,84,21.06,245.4,93,11.04,11.2,7,3.02,2,0,0.8767303347936933,True,False,False,True,Top10%_Model
ND,81,408,Yes,Yes,37,237.1,76,40.31,264.2,125,22.46,271.3,120,12.21,7.9,3,2.13,1,0,0.8725344123249664,True,False,False,True,Top10%_Model
MI,81,408,No,No,0,166.2,102,28.25,217.6,112,18.5,220.2,68,9.91,13.2,2,3.56,4,0,0.8289702365183469,True,True,True,True,Top10%_Model; Rule(CS>=4 & (IntlYes or VMNo))
MT,28,415,No,No,0,121.7,48,20.69,125.8,112,10.69,261.6,122,11.77,8.3,2,2.24,6,1,0.8577176188903889,True,True,True,True,Top10%_Model; Rule(CS>=4 & (IntlYes or VMNo))
RI,111,415,No,No,0,229.4,107,39.0,214.1,99,18.2,289.6,95,13.03,10.4,6,2.81,4,0,0.7848333199965293,False,True,False,True,Rule(CS>=4 & (IntlYes or VMNo))
OR,135,415,No,No,0,263.8,66,44.85,251.3,116,21.36,200.1,112,9.0,8.4,2,2.27,5,1,0.9442214425350671,True,True,True,True,Top10%_Model; Rule(CS>=4 & (IntlYes or VMNo))
SC,109,415,No,Yes,46,217.5,123,36.98,233.7,84,19.86,163.9,99,7.38,9.0,3,2.43,4,0,0.8962759558580846,True,False,False,True,Top10%_Model
NY,137,415,Yes,No,0,174.0,123,29.58,161.3,115,13.71,260.7,98,11.73,11.4,3,3.08,2,0,0.9338202858025976,True,False,False,True,Top10%_Model
MS,124,415,No,No,0,251.5,85,42.76,214.2,98,18.21,186.1,71,8.37,11.1,6,3.0,3,0,0.8647366040205725,True,False,False,True,Top10%_Model
WA,90,415,Yes,No,0,148.2,96,25.19,220.4,111,18.73,134.2,97,6.04,9.2,1,2.48,4,1,0.9677611052616416,True,True,True,True,Top10%_Model; Rule(CS>=4 & (IntlYes or VMNo))
SD,98,415,No,No,0,0.0,0,0.0,159.6,130,13.57,167.1,88,7.52,6.8,1,1.84,4,1,0.1388252142868888,False,True,False,True,Rule(CS>=4 & (IntlYes or VMNo))
TX,50,408,No,Yes,31,302.7,93,51.46,240.5,119,20.44,193.9,103,8.73,13.6,14,3.67,3,0,0.8312359140507464,True,False,False,True,Top10%_Model
VT,129,408,No,No,0,186.0,127,31.62,262.3,96,22.3,98.9,63,4.45,11.5,6,3.11,4,0,0.6420340884080092,False,True,False,True,Rule(CS>=4 & (IntlYes or VMNo))
SC,108,415,No,No,0,112.0,105,19.04,193.7,110,16.46,208.9,93,9.4,4.1,4,1.11,4,1,0.6467446476633392,False,True,False,True,Rule(CS>=4 & (IntlYes or VMNo))
OH,65,415,No,No,0,245.7,139,41.77,241.9,113,20.56,285.3,117,12.84,4.2,5,1.13,4,1,0.8911825174759836,True,True,True,True,Top10%_Model; Rule(CS>=4 & (IntlYes or VMNo))
IN,99,415,Yes,No,0,197.2,127,33.52,156.0,92,13.26,204.1,99,9.18,9.9,6,2.67,4,0,0.945575910106322,True,True,True,True,Top10%_Model; Rule(CS>=4 & (IntlYes or VMNo))
MD,140,415,Yes,Yes,27,188.9,124,32.11,160.9,102,13.68,197.7,100,8.9,11.5,5,3.11,4,0,0.9256860204827403,True,True,True,True,Top10%_Model; Rule(CS>=4 & (IntlYes or VMNo))
AZ,104,408,No,No,0,167.6,116,28.49,219.2,112,18.63,215.9,94,9.72,11.7,2,3.16,4,0,0.6455601667672751,False,True,False,True,Rule(CS>=4 & (IntlYes or VMNo))
MI,81,415,Yes,No,0,149.4,68,25.4,171.9,98,14.61,214.5,97,9.65,17.9,3,4.83,3,1,0.9495627530248778,True,False,False,True,Top10%_Model
AL,96,415,Yes,No,0,200.6,117,34.1,289.5,120,24.61,98.3,95,4.42,11.2,5,3.02,2,0,0.890810395028757,True,False,False,True,Top10%_Model
WI,126,415,Yes,Yes,34,244.9,118,41.63,219.6,105,18.67,210.8,136,9.49,9.7,6,2.62,4,0,0.9596752340647887,True,True,True,True,Top10%_Model; Rule(CS>=4 & (IntlYes or VMNo))
SD,113,415,Yes,No,0,204.3,82,34.73,188.8,115,16.05,139.4,97,6.27,9.2,7,2.48,1,0,0.8274574340467362,True,False,False,True,Top10%_Model
FL,110,415,No,No,0,242.5,110,41.23,162.3,140,13.8,184.1,86,8.28,7.8,3,2.11,4,0,0.782778645833282,False,True,False,True,Rule(CS>=4 & (IntlYes or VMNo))
CO,192,415,No,No,0,221.6,101,37.67,285.2,50,24.24,167.4,83,7.53,12.7,6,3.43,4,0,0.8799768529662189,True,True,True,True,Top10%_Model; Rule(CS>=4 & (IntlYes or VMNo))
MD,76,415,Yes,No,0,273.3,66,46.46,263.6,121,22.41,165.2,84,7.43,12.0,7,3.24,1,1,0.953911055955327,True,False,False,True,Top10%_Model
IL,86,415,Yes,No,0,266.1,120,45.24,182.0,92,15.47,206.5,103,9.29,10.3,4,2.78,1,0,0.8422558972290569,True,False,False,True,Top10%_Model
NV,107,510,Yes,No,0,234.1,91,39.8,163.1,105,13.86,282.5,100,12.71,10.0,3,2.7,1,0,0.9212910742584823,True,False,False,True,Top10%_Model
AR,107,415,Yes,No,0,133.3,106,22.66,182.9,89,15.55,241.1,123,10.85,12.9,2,3.48,3,1,0.9069299614467868,True,False,False,True,Top10%_Model
DE,138,510,Yes,No,0,46.5,104,7.91,186.0,114,15.81,167.5,95,7.54,9.6,4,2.59,4,1,0.790378693909221,False,True,False,True,Rule(CS>=4 & (IntlYes or VMNo))
WY,127,510,Yes,No,0,242.2,102,41.17,226.1,80,19.22,252.0,96,11.34,13.9,5,3.75,2,1,0.9519967849501231,True,False,False,True,Top10%_Model
ME,118,408,Yes,Yes,21,156.5,122,26.61,209.2,125,17.78,158.7,81,7.14,11.1,3,3.0,4,1,0.9237803207575451,True,True,True,True,Top10%_Model; Rule(CS>=4 & (IntlYes or VMNo))
WV,113,415,No,No,0,61.2,111,10.4,92.3,88,7.85,197.4,114,8.88,13.7,3,3.7,5,1,0.33522893969542633,False,True,False,True,Rule(CS>=4 & (IntlYes or VMNo))
DC,81,510,Yes,No,0,227.4,105,38.66,211.5,120,17.98,258.2,113,11.62,11.9,3,3.21,0,0,0.8820141226844619,True,False,False,True,Top10%_Model
SD,122,415,Yes,Yes,40,216.4,80,36.79,249.7,90,21.22,185.9,99,8.37,12.7,4,3.43,1,0,0.8991879795515758,True,False,False,True,Top10%_Model
NC,115,415,Yes,No,0,180.0,119,30.6,198.8,126,16.9,217.1,70,9.77,12.4,3,3.35,1,0,0.8529069755648592,True,False,False,True,Top10%_Model
AR,99,510,Yes,No,0,242.3,102,41.19,350.9,102,29.83,163.1,93,7.34,11.3,3,3.05,0,1,0.9256067390494508,True,False,False,True,Top10%_Model
VT,121,415,Yes,Yes,44,254.1,127,43.2,180.2,108,15.32,196.2,129,8.83,8.7,4,2.35,3,0,0.9323014574247095,True,False,False,True,Top10%_Model
RI,104,408,Yes,No,0,160.4,73,27.27,293.9,103,24.98,306.6,90,13.8,12.6,5,3.4,4,0,0.9729593870705181,True,True,True,True,Top10%_Model; Rule(CS>=4 & (IntlYes or VMNo))
MT,184,415,No,No,0,236.4,73,40.19,287.3,120,24.42,192.0,94,8.64,13.8,4,3.73,1,1,0.8376497700015784,True,False,False,True,Top10%_Model
NH,149,415,No,No,0,119.2,88,20.26,168.3,110,14.31,204.7,119,9.21,12.2,6,3.29,4,1,0.5382896001318493,False,True,False,True,Rule(CS>=4 & (IntlYes or VMNo))
MD,116,408,No,No,0,159.4,79,27.1,179.5,88,15.26,167.8,71,7.55,9.7,2,2.62,6,1,0.8564466073027733,True,True,True,True,Top10%_Model; Rule(CS>=4 & (IntlYes or VMNo))
DE,54,415,Yes,No,0,214.1,77,36.4,240.5,94,20.44,188.9,75,8.5,10.1,3,2.73,1,0,0.8845359468168469,True,False,False,True,Top10%_Model
CT,64,415,Yes,No,0,225.3,134,38.3,108.2,87,9.2,139.6,132,6.28,17.3,9,4.67,1,1,0.8305880689168138,True,False,False,True,Top10%_Model
SD,128,415,No,No,0,247.3,91,42.04,182.7,60,15.53,143.2,112,6.44,14.7,2,3.97,3,0,0.811338258090557,True,False,False,True,Top10%_Model
AL,197,415,Yes,No,0,127.3,80,21.64,222.3,115,18.9,173.9,95,7.83,13.7,5,3.7,5,1,0.9499923986762308,True,True,True,True,Top10%_Model; Rule(CS>=4 & (IntlYes or VMNo))
NV,76,510,Yes,No,0,241.0,120,40.97,231.8,96,19.7,220.2,67,9.91,9.9,1,2.67,1,1,0.9515999635593219,True,False,False,True,Top10%_Model
VT,99,415,No,No,0,115.5,75,19.64,218.1,111,18.54,254.9,98,11.47,11.5,7,3.11,7,1,0.819981480794422,True,True,True,True,Top10%_Model; Rule(CS>=4 & (IntlYes or VMNo))
TX,133,408,No,No,0,221.1,133,37.59,160.2,140,13.62,161.8,84,7.28,8.4,3,2.27,4,0,0.8731227412108776,True,True,True,True,Top10%_Model; Rule(CS>=4 & (IntlYes or VMNo))
OR,140,415,No,No,0,120.3,108,20.45,240.4,84,20.43,216.4,74,9.74,7.7,3,2.08,4,1,0.5984843837574944,False,True,False,True,Rule(CS>=4 & (IntlYes or VMNo))
WV,50,408,No,No,0,131.1,129,22.29,160.5,94,13.64,206.9,88,9.31,5.6,9,1.51,5,1,0.4631686147554557,False,True,False,True,Rule(CS>=4 & (IntlYes or VMNo))
SC,102,408,No,No,0,174.5,73,29.67,213.7,114,18.16,164.7,116,7.41,10.3,5,2.78,4,0,0.8306568434506453,True,True,True,True,Top10%_Model; Rule(CS>=4 & (IntlYes or VMNo))
AZ,109,415,Yes,No,0,268.4,85,45.63,150.6,131,12.8,297.9,84,13.41,9.7,8,2.62,2,1,0.9147430176156714,True,False,False,True,Top10%_Model
NC,54,415,Yes,No,0,190.5,108,32.39,259.7,108,22.07,141.5,111,6.37,9.7,2,2.62,2,1,0.9138067305194054,True,False,False,True,Top10%_Model
NJ,42,408,Yes,No,0,180.7,127,30.72,174.6,94,14.84,165.3,114,7.44,12.0,6,3.24,2,0,0.9265897954782926,True,False,False,True,Top10%_Model
NM,111,415,No,No,0,132.6,125,22.54,221.1,67,18.79,127.9,101,5.76,12.7,2,3.43,4,1,0.5257034759108871,False,True,False,True,Rule(CS>=4 & (IntlYes or VMNo))
MN,115,510,Yes,No,0,122.0,110,20.74,220.2,100,18.72,179.7,124,8.09,10.8,2,2.92,2,1,0.8524270227994575,True,False,False,True,Top10%_Model
OR,149,415,No,No,0,242.5,83,41.23,245.4,97,20.86,219.6,80,9.88,10.0,3,2.7,3,1,0.8147398635730158,True,False,False,True,Top10%_Model
NJ,147,415,No,Yes,36,254.2,78,43.21,228.1,105,19.39,98.0,125,4.41,13.8,7,3.73,5,0,0.9107803144159773,True,False,False,True,Top10%_Model
CO,156,408,Yes,No,0,277.0,119,47.09,238.3,106,20.26,94.4,96,4.25,8.3,3,2.24,1,0,0.938247068222741,True,False,False,True,Top10%_Model
OH,93,415,No,Yes,42,152.3,90,25.89,267.5,102,22.74,266.9,130,12.01,11.3,5,3.05,7,0,0.9371832854810225,True,False,False,True,Top10%_Model
NC,80,415,Yes,No,0,189.1,122,32.15,223.2,92,18.97,269.0,116,12.11,13.9,3,3.75,2,1,0.9445902136011116,True,False,False,True,Top10%_Model
FL,148,510,Yes,No,0,148.2,138,25.19,159.6,123,13.57,197.4,62,8.88,8.6,3,2.32,2,0,0.812187605154368,True,False,False,True,Top10%_Model
PA,119,408,No,No,0,287.1,115,48.81,159.3,99,13.54,216.8,86,9.76,13.9,1,3.75,2,1,0.8344503991959775,True,False,False,True,Top10%_Model
MO,85,510,No,No,0,165.8,96,28.19,190.0,141,16.15,144.0,116,6.48,10.9,3,2.94,5,1,0.6618571441496927,False,True,False,True,Rule(CS>=4 & (IntlYes or VMNo))
OH,133,408,Yes,No,0,254.7,103,43.3,252.2,80,21.44,178.1,103,8.01,8.0,3,2.16,0,1,0.8974494704411007,True,False,False,True,Top10%_Model
MI,146,408,No,No,0,149.3,83,25.38,187.1,130,15.9,149.8,100,6.74,7.9,4,2.13,7,1,0.9053161822030362,True,True,True,True,Top10%_Model; Rule(CS>=4 & (IntlYes or VMNo))
MS,101,408,No,No,0,239.0,156,40.63,273.0,106,23.21,278.2,93,12.52,13.5,8,3.65,1,1,0.8214794784448642,True,False,False,True,Top10%_Model
NY,15,510,Yes,No,0,141.4,80,24.04,123.9,76,10.53,323.5,88,14.56,8.1,3,2.19,2,0,0.8272043828019479,True,False,False,True,Top10%_Model
NC,55,408,Yes,No,0,221.0,115,37.57,165.4,97,14.06,235.4,117,10.59,9.7,4,2.62,1,0,0.8479336577320763,True,False,False,True,Top10%_Model
CT,56,415,No,No,0,162.3,99,27.59,149.1,78,12.67,255.5,115,11.5,14.8,1,4.0,4,1,0.7465513935964037,False,True,False,True,Rule(CS>=4 & (IntlYes or VMNo))
NJ,93,510,Yes,Yes,38,225.7,117,38.37,119.6,122,10.17,193.2,125,8.69,14.0,7,3.78,1,1,0.845654181233479,True,False,False,True,Top10%_Model
CO,118,408,No,No,0,188.8,60,32.1,217.4,64,18.48,220.1,100,9.9,8.2,7,2.21,4,0,0.6743131714140509,False,True,False,True,Rule(CS>=4 & (IntlYes or VMNo))
NH,103,408,No,No,0,150.6,125,25.6,169.1,126,14.37,221.2,104,9.95,10.4,8,2.81,8,1,0.9493087119207745,True,True,True,True,Top10%_Model; Rule(CS>=4 & (IntlYes or VMNo))
GA,71,415,No,No,0,258.4,132,43.93,126.8,119,10.78,182.4,87,8.21,9.7,8,2.62,4,0,0.7495635936201744,False,True,False,True,Rule(CS>=4 & (IntlYes or VMNo))
MD,108,415,Yes,Yes,42,130.1,90,22.12,167.0,128,14.2,244.7,80,11.01,13.6,5,3.67,3,1,0.8774822298615371,True,False,False,True,Top10%_Model
TX,52,415,No,No,0,155.0,110,26.35,133.4,104,11.34,176.1,84,7.92,7.0,4,1.89,4,1,0.6350721173739774,False,True,False,True,Rule(CS>=4 & (IntlYes or VMNo))
VA,103,510,No,No,0,167.8,121,28.53,212.9,123,18.1,208.2,73,9.37,13.0,3,3.51,5,0,0.6625812188162606,False,True,False,True,Rule(CS>=4 & (IntlYes or VMNo))
CO,85,510,No,Yes,21,283.2,110,48.14,239.7,108,20.37,149.5,80,6.73,6.3,1,1.7,5,0,0.8343468151328073,True,False,False,True,Top10%_Model
SC,49,415,Yes,No,0,237.8,92,40.43,208.9,119,17.76,167.8,86,7.55,15.6,6,4.21,2,1,0.9803657530367845,True,False,False,True,Top10%_Model
RI,106,510,Yes,No,0,204.0,84,34.68,168.5,61,14.32,164.0,102,7.38,13.3,3,3.59,3,1,0.8956463317906168,True,False,False,True,Top10%_Model
KY,43,408,No,No,0,177.2,93,30.12,142.6,60,12.12,314.1,144,14.13,12.7,2,3.43,4,0,0.7063020383397378,False,True,False,True,Rule(CS>=4 & (IntlYes or VMNo))
CA,77,510,No,No,0,175.5,86,29.84,205.1,78,17.43,245.2,100,11.03,17.8,3,4.81,4,0,0.923095424625898,True,True,True,True,Top10%_Model; Rule(CS>=4 & (IntlYes or VMNo))
IA,130,510,No,No,0,139.1,72,23.65,246.0,112,20.91,207.2,121,9.32,11.4,9,3.08,5,0,0.5973356707557943,False,True,False,True,Rule(CS>=4 & (IntlYes or VMNo))
NJ,162,408,No,No,0,217.6,87,36.99,279.0,71,23.72,250.7,65,11.28,10.4,4,2.81,2,1,0.8360379934710523,True,False,False,True,Top10%_Model
ND,56,415,No,No,0,222.7,133,37.86,277.0,89,23.55,101.8,94,4.58,13.6,4,3.67,4,0,0.8330746163138483,True,True,True,True,Top10%_Model; Rule(CS>=4 & (IntlYes or VMNo))
DC,93,408,No,No,0,164.5,95,27.97,230.9,87,19.63,149.9,91,6.75,9.9,3,2.67,4,0,0.6871494352683594,False,True,False,True,Rule(CS>=4 & (IntlYes or VMNo))
NH,95,408,Yes,No,0,228.9,134,38.91,255.7,71,21.73,208.0,120,9.36,10.1,2,2.73,4,1,0.9915709438503609,True,True,True,True,Top10%_Model; Rule(CS>=4 & (IntlYes or VMNo))
NE,105,408,No,No,0,162.3,99,27.59,212.5,95,18.06,214.7,114,9.66,11.1,8,3.0,4,0,0.5621660447473442,False,True,False,True,Rule(CS>=4 & (IntlYes or VMNo))
MA,71,510,No,No,0,290.4,108,49.37,253.9,92,21.58,263.3,126,11.85,10.1,5,2.73,3,1,0.9250769153148769,True,False,False,True,Top10%_Model
NH,74,408,No,No,0,298.1,112,50.68,201.3,100,17.11,214.7,88,9.66,9.7,4,2.62,2,1,0.8086087037157644,True,False,False,True,Top10%_Model
LA,150,415,No,No,0,136.6,112,23.22,209.4,81,17.8,161.1,78,7.25,12.2,2,3.29,4,1,0.6178676664362632,False,True,False,True,Rule(CS>=4 & (IntlYes or VMNo))
NJ,60,408,No,No,0,289.8,101,49.27,255.6,115,21.73,242.8,76,10.93,11.7,4,3.16,2,1,0.9193856621226211,True,False,False,True,Top10%_Model
CA,138,510,Yes,No,0,196.2,129,33.35,176.5,86,15.0,232.4,108,10.46,15.2,1,4.1,0,1,0.9371430881551674,True,False,False,True,Top10%_Model
WY,111,415,No,No,0,222.2,96,37.77,162.5,111,13.81,184.9,120,8.32,11.9,7,3.21,4,0,0.6471363127489035,False,True,False,True,Rule(CS>=4 & (IntlYes or VMNo))
TX,37,510,Yes,No,0,172.9,119,29.39,183.0,86,15.56,226.4,100,10.19,9.8,1,2.65,0,1,0.8348553999448719,True,False,False,True,Top10%_Model
VA,92,510,Yes,No,0,252.3,120,42.89,207.0,112,17.6,284.6,95,12.81,12.0,5,3.24,3,1,0.9524471319749359,True,False,False,True,Top10%_Model
VT,48,415,No,No,0,197.7,64,33.61,136.7,126,11.62,244.4,81,11.0,13.2,5,3.56,4,0,0.5703530951434191,False,True,False,True,Rule(CS>=4 & (IntlYes or VMNo))
SC,212,415,No,No,0,226.0,127,38.42,304.6,83,25.89,181.2,132,8.15,12.6,4,3.4,2,1,0.9010005513376169,True,False,False,True,Top10%_Model
WY,126,408,Yes,No,0,197.6,126,33.59,246.5,112,20.95,285.3,104,12.84,12.5,8,3.38,2,0,0.9327053380631634,True,False,False,True,Top10%_Model
NV,94,408,Yes,No,0,89.5,94,15.22,339.9,106,28.89,172.9,76,7.78,7.9,1,2.13,1,1,0.8209476674801572,True,False,False,True,Top10%_Model
NC,115,510,Yes,No,0,251.3,69,42.72,252.5,96,21.46,118.3,112,5.32,9.9,1,2.67,3,1,0.9712322140886043,True,False,False,True,Top10%_Model
WA,167,415,No,No,0,169.2,124,28.76,173.3,108,14.73,216.5,64,9.74,12.4,4,3.35,4,1,0.8076987010384388,True,True,True,True,Top10%_Model; Rule(CS>=4 & (IntlYes or VMNo))
TX,123,408,No,No,0,257.9,92,43.84,211.6,71,17.99,189.3,104,8.52,9.4,2,2.54,2,0,0.815607404315955,True,False,False,True,Top10%_Model
PA,97,510,Yes,No,0,145.0,103,24.65,294.3,93,25.02,239.8,120,10.79,11.0,2,2.97,4,1,0.9838418341268523,True,True,True,True,Top10%_Model; Rule(CS>=4 & (IntlYes or VMNo))
OR,103,510,Yes,No,0,171.7,78,29.19,144.5,86,12.28,157.9,106,7.11,6.8,3,1.84,3,0,0.8452057709781092,True,False,False,True,Top10%_Model
MI,116,408,No,No,0,133.3,94,22.66,247.8,126,21.06,219.0,78,9.86,11.3,5,3.05,5,1,0.8464055607789739,True,True,True,True,Top10%_Model; Rule(CS>=4 & (IntlYes or VMNo))
ID,134,415,No,No,0,204.7,108,34.8,143.1,105,12.16,165.8,84,7.46,11.0,4,2.97,6,0,0.8874767633089207,True,True,True,True,Top10%_Model; Rule(CS>=4 & (IntlYes or VMNo))
SC,41,408,No,No,0,237.8,92,40.43,223.5,155,19.0,217.4,90,9.78,10.2,6,2.75,2,0,0.8123529525264161,True,False,False,True,Top10%_Model
NC,109,510,Yes,No,0,209.1,141,35.55,205.0,93,17.43,119.4,111,5.37,7.8,3,2.11,2,0,0.8843910070708452,True,False,False,True,Top10%_Model
NV,88,415,No,No,0,166.7,61,28.34,179.3,88,15.24,242.7,131,10.92,6.8,7,1.84,4,1,0.5940339013651141,False,True,False,True,Rule(CS>=4 & (IntlYes or VMNo))
TN,80,415,Yes,No,0,276.5,122,47.01,195.6,79,16.63,210.3,78,9.46,7.2,3,1.94,1,1,0.8822005308160555,True,False,False,True,Top10%_Model
IN,88,415,Yes,Yes,25,288.5,114,49.05,203.4,74,17.29,228.4,117,10.28,13.0,5,3.51,1,0,0.8490946472722777,True,False,False,True,Top10%_Model
AR,98,415,No,No,0,227.1,116,38.61,120.5,103,10.24,117.0,102,5.27,4.7,4,1.27,5,1,0.6731616344016431,False,True,False,True,Rule(CS>=4 & (IntlYes or VMNo))
NV,113,510,No,No,0,245.3,108,41.7,259.9,140,22.09,204.3,115,9.19,10.7,2,2.89,3,1,0.8795284459761673,True,False,False,True,Top10%_Model
NJ,59,510,Yes,Yes,31,225.0,78,38.25,191.3,79,16.26,226.7,79,10.2,9.1,3,2.46,1,0,0.8538619454224069,True,False,False,True,Top10%_Model
GA,109,510,No,Yes,35,230.5,116,39.19,265.8,130,22.59,269.7,69,12.14,10.6,6,2.86,5,0,0.8919418675555186,True,False,False,True,Top10%_Model
LA,124,510,No,No,0,143.3,120,24.36,230.7,111,19.61,214.3,91,9.64,7.8,2,2.11,4,1,0.6497148985834873,False,True,False,True,Rule(CS>=4 & (IntlYes or VMNo))
NY,82,415,No,No,0,167.1,77,28.41,131.8,79,11.2,187.4,98,8.43,9.4,1,2.54,6,1,0.8514422475039728,True,True,True,True,Top10%_Model; Rule(CS>=4 & (IntlYes or VMNo))
MN,124,510,Yes,No,0,157.8,71,26.83,203.2,114,17.27,168.7,82,7.59,10.0,2,2.7,3,1,0.9251636996869123,True,False,False,True,Top10%_Model
MD,139,415,No,No,0,181.6,119,30.87,335.7,118,28.53,149.8,64,6.74,8.3,6,2.24,4,0,0.8564511794689169,True,True,True,True,Top10%_Model; Rule(CS>=4 & (IntlYes or VMNo))
FL,105,415,No,No,0,273.8,97,46.55,289.7,106,24.62,269.1,126,12.11,5.8,3,1.57,2,1,0.8077264539975006,True,False,False,True,Top10%_Model
NY,112,415,No,No,0,174.3,123,29.63,140.2,124,11.92,215.4,89,9.69,9.0,6,2.43,4,1,0.6787671196910597,False,True,False,True,Rule(CS>=4 & (IntlYes or VMNo))
NC,85,510,No,No,0,183.4,111,31.18,168.8,98,14.35,199.7,97,8.99,9.9,4,2.67,4,0,0.6182005523848592,False,True,False,True,Rule(CS>=4 & (IntlYes or VMNo))
NJ,53,408,No,No,0,228.6,117,38.86,132.8,123,11.29,227.2,124,10.22,10.1,2,2.73,9,1,0.9934977446439902,True,True,True,True,Top10%_Model; Rule(CS>=4 & (IntlYes or VMNo))
CT,40,510,Yes,No,0,220.8,100,37.54,265.7,106,22.58,212.8,94,9.58,6.4,3,1.73,0,0,0.8606099759864239,True,False,False,True,Top10%_Model
CT,120,408,Yes,No,0,202.0,123,34.34,184.3,78,15.67,176.0,89,7.92,7.4,2,2.0,2,1,0.916834892241289,True,False,False,True,Top10%_Model
SC,161,510,No,No,0,297.9,141,50.64,238.1,107,20.24,240.5,93,10.82,8.9,5,2.4,1,1,0.8760388677206098,True,False,False,True,Top10%_Model
CO,128,510,No,No,0,199.3,86,33.88,194.8,102,16.56,298.2,82,13.42,14.3,2,3.86,4,0,0.8597193166521635,True,True,True,True,Top10%_Model; Rule(CS>=4 & (IntlYes or VMNo))
TX,139,510,Yes,Yes,31,203.5,82,34.6,200.3,72,17.03,214.0,112,9.63,13.4,6,3.62,1,1,0.850819635327906,True,False,False,True,Top10%_Model
DC,114,415,No,No,0,147.1,119,25.01,161.0,111,13.69,275.9,106,12.42,9.0,3,2.43,5,1,0.7762028581088253,False,True,False,True,Rule(CS>=4 & (IntlYes or VMNo))
MN,100,415,Yes,No,0,159.9,94,27.18,179.9,95,15.29,154.4,102,6.95,11.6,2,3.13,2,1,0.8688865370368302,True,False,False,True,Top10%_Model
MN,40,510,No,No,0,81.7,123,13.89,210.2,108,17.87,212.0,64,9.54,11.3,3,3.05,6,1,0.7772011315769808,False,True,False,True,Rule(CS>=4 & (IntlYes or VMNo))
PA,75,510,No,No,0,109.0,88,18.53,259.3,120,22.04,182.1,119,8.19,13.3,3,3.59,4,1,0.6883857842660055,False,True,False,True,Rule(CS>=4 & (IntlYes or VMNo))
HI,105,415,No,No,0,211.1,99,35.89,176.7,66,15.02,221.5,96,9.97,14.7,7,3.97,4,0,0.5683820045369605,False,True,False,True,Rule(CS>=4 & (IntlYes or VMNo))
ID,116,510,Yes,Yes,29,162.3,91,27.59,279.3,79,23.74,192.7,131,8.67,11.7,2,3.16,3,1,0.9057582706015134,True,False,False,True,Top10%_Model
DE,105,415,Yes,No,0,150.0,106,25.5,293.8,123,24.97,250.7,65,11.28,10.3,7,2.78,3,0,0.9545828570811468,True,False,False,True,Top10%_Model
KY,21,415,No,No,0,92.6,95,15.74,161.9,70,13.76,285.0,78,12.83,11.3,3,3.05,5,1,0.5772255412054963,False,True,False,True,Rule(CS>=4 & (IntlYes or VMNo))
CA,120,415,No,No,0,252.1,110,42.86,226.1,103,19.22,155.6,83,7.0,13.8,3,3.73,1,0,0.8078107210591878,True,False,False,True,Top10%_Model
MD,111,510,No,No,0,123.1,88,20.93,213.9,84,18.18,184.9,88,8.32,12.0,2,3.24,5,1,0.754211277304534,False,True,False,True,Rule(CS>=4 & (IntlYes or VMNo))
VT,67,408,No,No,0,260.4,107,44.27,208.2,104,17.7,207.9,115,9.36,10.0,2,2.7,6,0,0.9406071943572297,True,True,True,True,Top10%_Model; Rule(CS>=4 & (IntlYes or VMNo))
MS,102,510,Yes,No,0,224.2,81,38.11,243.3,90,20.68,147.8,66,6.65,12.0,8,3.24,3,0,0.9788602329468229,True,False,False,True,Top10%_Model
NY,123,415,No,No,0,123.2,104,20.94,190.0,117,16.15,170.3,95,7.66,12.9,5,3.48,4,1,0.6278910303726124,False,True,False,True,Rule(CS>=4 & (IntlYes or VMNo))
OH,115,510,Yes,No,0,345.3,81,58.7,203.4,106,17.29,217.5,107,9.79,11.8,8,3.19,1,1,0.9720970577932789,True,False,False,True,Top10%_Model
OK,86,510,Yes,No,0,162.4,131,27.61,167.0,102,14.2,128.9,118,5.8,11.4,2,3.08,2,1,0.863500943688893,True,False,False,True,Top10%_Model
NH,125,415,Yes,No,0,298.4,78,50.73,270.5,142,22.99,107.3,84,4.83,12.2,2,3.29,0,1,0.9547381746092964,True,False,False,True,Top10%_Model
ND,147,408,Yes,Yes,35,157.5,109,26.78,189.6,67,16.12,227.0,76,10.22,11.1,2,3.0,3,1,0.8506668858575015,True,False,False,True,Top10%_Model
KS,91,408,Yes,No,0,246.4,110,41.89,182.0,98,15.47,157.6,106,7.09,12.1,2,3.27,2,1,0.9573885296344126,True,False,False,True,Top10%_Model
NC,101,415,No,No,0,232.7,114,39.56,186.4,123,15.84,153.3,122,6.9,11.5,6,3.11,5,0,0.8545144939497799,True,True,True,True,Top10%_Model; Rule(CS>=4 & (IntlYes or VMNo))
SC,116,408,No,No,0,288.0,120,48.96,255.8,90,21.74,233.4,99,10.5,13.4,4,3.62,0,1,0.8292137198037179,True,False,False,True,Top10%_Model
NJ,88,415,No,No,0,301.5,136,51.26,257.7,72,21.9,132.9,118,5.98,13.4,2,3.62,4,1,0.9753609438068875,True,True,True,True,Top10%_Model; Rule(CS>=4 & (IntlYes or VMNo))
FL,85,408,Yes,No,0,116.2,86,19.75,229.7,127,19.52,204.2,109,9.19,10.1,3,2.73,3,0,0.8886517701445136,True,False,False,True,Top10%_Model
RI,103,510,Yes,No,0,255.9,128,43.5,140.9,92,11.98,308.9,130,13.9,12.1,2,3.27,1,1,0.8941576739016541,True,False,False,True,Top10%_Model
MS,65,415,Yes,No,0,277.9,123,47.24,155.8,112,13.24,256.9,71,11.56,9.2,10,2.48,0,1,0.916505586485428,True,False,False,True,Top10%_Model
IA,44,415,No,No,0,308.6,139,52.46,150.8,94,12.82,198.7,66,8.94,7.3,3,1.97,4,1,0.8207010856629052,True,True,True,True,Top10%_Model; Rule(CS>=4 & (IntlYes or VMNo))
MN,125,415,Yes,Yes,29,260.8,81,44.34,163.7,112,13.91,271.7,117,12.23,17.0,6,4.59,1,1,0.8911623276992455,True,False,False,True,Top10%_Model
IL,138,408,Yes,No,0,268.4,81,45.63,174.4,115,14.82,193.5,96,8.71,11.6,4,3.13,1,0,0.8395912732275964,True,False,False,True,Top10%_Model
MI,74,415,No,No,0,314.1,86,53.4,222.4,99,18.9,259.0,121,11.66,12.3,5,3.32,3,1,0.9353864009900054,True,False,False,True,Top10%_Model
WI,66,415,Yes,No,0,208.7,84,35.48,173.3,88,14.73,264.7,107,11.91,8.3,3,2.24,3,0,0.9302971999840017,True,False,False,True,Top10%_Model
HI,101,415,No,No,0,253.2,89,43.04,237.9,114,20.22,154.3,85,6.94,9.7,7,2.62,4,0,0.6706291386360073,False,True,False,True,Rule(CS>=4 & (IntlYes or VMNo))
PA,92,415,Yes,No,0,255.8,125,43.49,142.7,111,12.13,181.2,101,8.15,11.7,3,3.16,0,0,0.8750587856414804,True,False,False,True,Top10%_Model
NC,130,408,Yes,No,0,216.2,106,36.75,363.7,86,30.91,126.7,123,5.7,16.9,2,4.56,5,1,0.9966692756240076,True,True,True,True,Top10%_Model; Rule(CS>=4 & (IntlYes or VMNo))
WI,161,408,No,No,0,154.7,84,26.3,177.8,125,15.11,172.9,90,7.78,5.9,2,1.59,4,1,0.46095501965852476,False,True,False,True,Rule(CS>=4 & (IntlYes or VMNo))
ME,62,415,Yes,Yes,32,218.4,93,37.13,236.7,132,20.12,192.2,137,8.65,13.2,3,3.56,0,1,0.820701047152516,True,False,False,True,Top10%_Model
MN,38,510,No,No,0,175.7,109,29.87,211.8,97,18.0,137.9,109,6.21,9.2,3,2.48,5,1,0.7910049243650837,False,True,False,True,Rule(CS>=4 & (IntlYes or VMNo))
MT,137,408,Yes,No,0,258.0,112,43.86,246.5,117,20.95,173.2,100,7.79,10.9,3,2.94,0,1,0.9658554994413692,True,False,False,True,Top10%_Model
SD,52,510,Yes,No,0,251.4,118,42.74,196.6,80,16.71,192.0,53,8.64,11.0,2,2.97,0,1,0.899232086430081,True,False,False,True,Top10%_Model
HI,3,408,No,No,0,139.0,99,23.63,250.7,108,21.31,286.2,87,12.88,6.1,3,1.65,4,0,0.44517449778830703,False,True,False,True,Rule(CS>=4 & (IntlYes or VMNo))
AL,89,510,No,No,0,129.2,71,21.96,214.1,68,18.2,214.9,100,9.67,10.3,4,2.78,5,1,0.5375237722028019,False,True,False,True,Rule(CS>=4 & (IntlYes or VMNo))
MS,123,415,Yes,No,0,125.5,106,21.34,128.9,96,10.96,251.9,129,11.34,6.3,6,1.7,4,1,0.9361449177478983,True,True,True,True,Top10%_Model; Rule(CS>=4 & (IntlYes or VMNo))
CA,75,415,No,Yes,19,210.3,90,35.75,241.8,87,20.55,215.7,102,9.71,13.1,3,3.54,4,0,0.8296940092807082,True,False,False,True,Top10%_Model
MA,17,415,Yes,No,0,162.8,118,27.68,229.6,91,19.52,332.7,94,14.97,13.6,3,3.67,0,1,0.881687292478412,True,False,False,True,Top10%_Model
MI,178,408,Yes,No,0,124.5,134,21.17,141.2,78,12.0,268.2,113,12.07,11.4,2,3.08,2,1,0.8759605215453988,True,False,False,True,Top10%_Model
OH,136,408,Yes,No,0,183.4,103,31.18,141.9,113,12.06,200.4,122,9.02,10.4,9,2.81,2,0,0.835570680760946,True,False,False,True,Top10%_Model
NV,148,415,No,No,0,279.3,104,47.48,201.6,87,17.14,280.8,99,12.64,7.9,2,2.13,2,1,0.8197056195916163,True,False,False,True,Top10%_Model
NM,127,415,Yes,No,0,256.5,87,43.61,222.1,101,18.88,156.7,122,7.05,13.0,3,3.51,1,0,0.9096041585344967,True,False,False,True,Top10%_Model
WY,58,510,No,No,0,210.1,126,35.72,248.9,108,21.16,158.6,88,7.14,14.4,2,3.89,4,0,0.8060001372914747,True,True,True,True,Top10%_Model; Rule(CS>=4 & (IntlYes or VMNo))
MA,58,408,No,No,0,174.4,112,29.65,265.8,122,22.59,182.4,87,8.21,0.0,0,0.0,4,0,0.7697605060732259,False,True,False,True,Rule(CS>=4 & (IntlYes or VMNo))
SC,112,415,No,Yes,31,225.2,89,38.28,256.8,117,21.83,249.7,87,11.24,11.5,1,3.11,4,0,0.9192382806452547,True,False,False,True,Top10%_Model
GA,117,415,Yes,No,0,287.4,118,48.86,259.6,84,22.07,153.2,86,6.89,10.0,3,2.7,1,1,0.9603030026219432,True,False,False,True,Top10%_Model
KY,56,415,Yes,No,0,177.7,114,30.21,215.6,110,18.33,236.7,67,10.65,10.5,5,2.84,1,0,0.8348037798097873,True,False,False,True,Top10%_Model
WY,123,415,No,No,0,242.2,87,41.17,226.1,101,19.22,268.6,121,12.09,8.2,3,2.21,5,1,0.9008326303342948,True,True,True,True,Top10%_Model; Rule(CS>=4 & (IntlYes or VMNo))
TX,1,415,No,No,0,182.1,106,30.96,134.9,106,11.47,152.3,75,6.85,10.0,3,2.7,5,1,0.8337114708031927,True,True,True,True,Top10%_Model; Rule(CS>=4 & (IntlYes or VMNo))
MI,148,415,Yes,No,0,233.5,81,39.7,187.7,71,15.95,122.3,97,5.5,9.6,2,2.59,0,1,0.8235628658933363,True,False,False,True,Top10%_Model
HI,99,408,No,No,0,135.7,107,23.07,208.4,103,17.71,209.0,95,9.4,8.8,3,2.38,7,1,0.7803108049204177,False,True,False,True,Rule(CS>=4 & (IntlYes or VMNo))
KS,84,415,No,No,0,225.9,86,38.4,275.6,105,23.43,201.4,108,9.06,14.3,3,3.86,3,1,0.8631048864378309,True,False,False,True,Top10%_Model
NY,131,408,Yes,No,0,122.3,83,20.79,118.8,94,10.1,147.9,95,6.66,13.7,3,3.7,3,1,0.861693776846543,True,False,False,True,Top10%_Model
NJ,87,510,No,No,0,223.2,109,37.94,127.5,86,10.84,289.3,83,13.02,14.5,4,3.92,3,0,0.8297051811831773,True,False,False,True,Top10%_Model
WA,177,415,No,No,0,266.1,91,45.24,225.2,79,19.14,224.7,58,10.11,8.9,8,2.4,3,1,0.8622007281504479,True,False,False,True,Top10%_Model
AL,141,408,No,No,0,242.8,90,41.28,234.1,80,19.9,211.5,104,9.52,6.0,3,1.62,5,0,0.8482326826679191,True,True,True,True,Top10%_Model; Rule(CS>=4 & (IntlYes or VMNo))
TX,169,408,No,No,0,266.7,105,45.34,158.2,88,13.45,287.7,111,12.95,13.8,3,3.73,3,1,0.9281030336877687,True,False,False,True,Top10%_Model
ME,88,415,No,No,0,85.7,112,14.57,221.6,70,18.84,190.6,75,8.58,11.6,3,3.13,4,1,0.604927535917904,False,True,False,True,Rule(CS>=4 & (IntlYes or VMNo))
SC,101,415,No,No,0,158.4,92,26.93,188.0,117,15.98,219.7,125,9.89,13.5,4,3.65,4,1,0.8516071158243175,True,True,True,True,Top10%_Model; Rule(CS>=4 & (IntlYes or VMNo))
WV,88,510,No,No,0,131.5,99,22.36,174.8,128,14.86,184.2,83,8.29,7.9,2,2.13,5,1,0.5931331775568477,False,True,False,True,Rule(CS>=4 & (IntlYes or VMNo))
NY,204,415,No,No,0,174.3,85,29.63,254.1,95,21.6,176.4,96,7.94,5.9,3,1.59,6,0,0.9255816862771197,True,True,True,True,Top10%_Model; Rule(CS>=4 & (IntlYes or VMNo))
MS,190,415,Yes,No,0,111.9,55,19.02,223.0,124,18.96,243.2,81,10.94,10.0,7,2.7,3,0,0.9364680270993244,True,False,False,True,Top10%_Model
NY,54,510,Yes,No,0,236.3,91,40.17,152.8,130,12.99,160.3,98,7.21,11.2,8,3.02,3,0,0.9539576257566813,True,False,False,True,Top10%_Model
AR,115,415,No,No,0,139.3,89,23.68,192.3,95,16.35,151.0,75,6.8,9.3,3,2.51,7,1,0.8512911962234381,True,True,True,True,Top10%_Model; Rule(CS>=4 & (IntlYes or VMNo))
WV,102,408,No,No,0,234.8,125,39.92,199.2,99,16.93,163.2,88,7.34,10.0,1,2.7,4,0,0.8168449032924987,True,True,True,True,Top10%_Model; Rule(CS>=4 & (IntlYes or VMNo))
IA,40,510,No,No,0,169.7,115,28.85,141.4,123,12.02,253.0,115,11.39,10.5,3,2.84,4,1,0.4955123719828624,False,True,False,True,Rule(CS>=4 & (IntlYes or VMNo))
VT,107,510,No,No,0,189.7,76,32.25,156.1,65,13.27,244.0,91,10.98,8.3,3,2.24,5,0,0.6605951655304311,False,True,False,True,Rule(CS>=4 & (IntlYes or VMNo))
NC,161,415,No,No,0,322.3,100,54.79,230.4,135,19.58,241.5,104,10.87,7.8,5,2.11,2,1,0.8333873001795272,True,False,False,True,Top10%_Model
NH,35,408,No,No,0,138.1,115,23.48,158.2,82,13.45,215.7,118,9.71,10.3,2,2.78,5,1,0.7322658916747411,False,True,False,True,Rule(CS>=4 & (IntlYes or VMNo))
WA,60,415,Yes,No,0,205.9,97,35.0,277.4,117,23.58,202.0,139,9.09,11.0,2,2.97,0,1,0.9158378875550989,True,False,False,True,Top10%_Model
AR,127,415,Yes,No,0,143.2,60,24.34,179.5,159,15.26,171.8,122,7.73,6.2,4,1.67,4,1,0.8952248945996764,True,True,True,True,Top10%_Model; Rule(CS>=4 & (IntlYes or VMNo))
TX,201,415,No,No,0,225.9,110,38.4,299.1,86,25.42,251.3,81,11.31,11.2,4,3.02,1,1,0.8206450750741792,True,False,False,True,Top10%_Model
ID,78,415,No,No,0,103.5,115,17.6,117.9,102,10.02,201.0,94,9.05,12.0,3,3.24,4,1,0.40055198735313274,False,True,False,True,Rule(CS>=4 & (IntlYes or VMNo))
DE,121,408,No,No,0,215.6,74,36.65,192.9,98,16.4,144.0,103,6.48,10.1,4,2.73,5,0,0.8225312289285642,True,True,True,True,Top10%_Model; Rule(CS>=4 & (IntlYes or VMNo))
ND,148,415,Yes,No,0,218.7,111,37.18,155.6,133,13.23,277.4,62,12.48,8.2,5,2.21,1,0,0.8461930533797142,True,False,False,True,Top10%_Model
WA,76,510,Yes,No,0,246.8,110,41.96,206.3,63,17.54,208.4,123,9.38,13.2,5,3.56,0,1,0.9089920119745365,True,False,False,True,Top10%_Model
ID,103,415,No,No,0,174.7,151,29.7,148.0,56,12.58,168.2,109,7.57,15.8,3,4.27,6,1,0.8928650557250485,True,True,True,True,Top10%_Model; Rule(CS>=4 & (IntlYes or VMNo))
MS,111,408,No,No,0,294.7,90,50.1,294.6,72,25.04,260.1,121,11.7,10.8,3,2.92,1,1,0.8951020695676439,True,False,False,True,Top10%_Model
OH,68,415,Yes,Yes,24,125.7,92,21.37,275.9,98,23.45,214.5,108,9.65,14.2,6,3.83,3,1,0.8449027430806656,True,False,False,True,Top10%_Model
TN,93,510,Yes,No,0,168.4,114,28.63,276.0,127,23.46,196.2,48,8.83,11.4,3,3.08,1,0,0.8109456783511683,True,False,False,True,Top10%_Model
OK,149,510,Yes,No,0,180.9,79,30.75,194.9,83,16.57,197.8,109,8.9,8.8,9,2.38,3,0,0.918066126856322,True,False,False,True,Top10%_Model
MI,142,415,Yes,No,0,140.8,140,23.94,228.6,119,19.43,152.9,88,6.88,10.9,7,2.94,1,0,0.811048579212167,True,False,False,True,Top10%_Model
WA,121,510,No,No,0,255.1,93,43.37,266.9,97,22.69,197.7,118,8.9,8.8,3,2.38,3,1,0.8873199156739708,True,False,False,True,Top10%_Model
AK,177,415,Yes,No,0,248.7,118,42.28,172.3,73,14.65,191.9,87,8.64,11.3,2,3.05,1,1,0.8535758665898213,True,False,False,True,Top10%_Model
AR,113,415,Yes,No,0,122.2,112,20.77,131.7,94,11.19,169.5,106,7.63,10.3,9,2.78,5,1,0.8970113334193093,True,True,True,True,Top10%_Model; Rule(CS>=4 & (IntlYes or VMNo))
OK,146,510,No,No,0,138.4,104,23.53,158.9,122,13.51,47.4,73,2.13,3.9,9,1.05,4,1,0.2806845706261613,False,True,False,True,Rule(CS>=4 & (IntlYes or VMNo))
RI,138,510,Yes,No,0,286.2,61,48.65,187.2,60,15.91,146.2,114,6.58,11.0,4,2.97,2,1,0.9159580687175201,True,False,False,True,Top10%_Model
AR,115,408,No,No,0,268.0,115,45.56,153.6,106,13.06,232.3,65,10.45,17.0,1,4.59,3,0,0.8494884214338314,True,False,False,True,Top10%_Model
ID,82,415,No,No,0,266.9,83,45.37,229.7,74,19.52,251.7,99,11.33,11.0,6,2.97,3,1,0.8381066596950051,True,False,False,True,Top10%_Model
WV,117,510,Yes,No,0,198.4,121,33.73,249.5,104,21.21,162.8,115,7.33,10.5,5,2.84,1,0,0.8503332403730398,True,False,False,True,Top10%_Model
AR,76,408,No,No,0,107.3,140,18.24,238.2,133,20.25,271.8,116,12.23,10.0,3,2.7,4,1,0.6324010303700521,False,True,False,True,Rule(CS>=4 & (IntlYes or VMNo))
IL,71,510,Yes,No,0,186.1,114,31.64,198.6,140,16.88,206.5,80,9.29,13.8,5,3.73,4,1,0.9404654569276882,True,True,True,True,Top10%_Model; Rule(CS>=4 & (IntlYes or VMNo))
OK,172,408,No,No,0,203.9,109,34.66,234.0,123,19.89,160.7,65,7.23,17.8,4,4.81,4,0,0.8991556661626128,True,True,True,True,Top10%_Model; Rule(CS>=4 & (IntlYes or VMNo))
VT,100,408,Yes,No,0,219.4,112,37.3,225.7,102,19.18,255.3,95,11.49,12.0,4,3.24,4,0,0.979213091643051,True,True,True,True,Top10%_Model; Rule(CS>=4 & (IntlYes or VMNo))
SC,181,408,No,No,0,229.9,130,39.08,144.4,93,12.27,262.4,110,11.81,14.2,4,3.83,2,0,0.8235462667903074,True,False,False,True,Top10%_Model
SD,163,415,Yes,No,0,197.2,90,33.52,188.5,113,16.02,211.1,94,9.5,7.8,8,2.11,1,0,0.8438318123252905,True,False,False,True,Top10%_Model
GA,122,510,Yes,No,0,140.0,101,23.8,196.4,77,16.69,120.1,133,5.4,9.7,4,2.62,4,1,0.9109680292180504,True,True,True,True,Top10%_Model; Rule(CS>=4 & (IntlYes or VMNo))
MD,62,408,No,No,0,321.1,105,54.59,265.5,122,22.57,180.5,72,8.12,11.5,2,3.11,4,1,0.9704281848708916,True,True,True,True,Top10%_Model; Rule(CS>=4 & (IntlYes or VMNo))
IN,117,415,No,No,0,118.4,126,20.13,249.3,97,21.19,227.0,56,10.22,13.6,3,3.67,5,1,0.7752926306329271,False,True,False,True,Rule(CS>=4 & (IntlYes or VMNo))
IN,65,415,No,No,0,129.1,137,21.95,228.5,83,19.42,208.8,111,9.4,12.7,6,3.43,4,1,0.5586343048359937,False,True,False,True,Rule(CS>=4 & (IntlYes or VMNo))
NY,161,415,No,No,0,332.9,67,56.59,317.8,97,27.01,160.6,128,7.23,5.4,9,1.46,4,1,0.9604120680019644,True,True,True,True,Top10%_Model; Rule(CS>=4 & (IntlYes or VMNo))
ID,119,415,No,No,0,159.1,114,27.05,231.3,117,19.66,143.2,91,6.44,8.8,3,2.38,5,1,0.7957443619581368,False,True,False,True,Rule(CS>=4 & (IntlYes or VMNo))
TX,208,510,No,No,0,326.5,67,55.51,176.3,113,14.99,181.7,102,8.18,10.7,6,2.89,2,1,0.8742706190043337,True,False,False,True,Top10%_Model
MN,139,510,No,No,0,134.4,106,22.85,211.3,98,17.96,193.6,125,8.71,10.2,2,2.75,5,1,0.7767087298759974,False,True,False,True,Rule(CS>=4 & (IntlYes or VMNo))
AZ,94,408,No,No,0,181.8,85,30.91,202.4,98,17.2,245.9,97,11.07,9.2,2,2.48,4,0,0.6136439024753203,False,True,False,True,Rule(CS>=4 & (IntlYes or VMNo))
IN,122,408,No,No,0,296.4,99,50.39,214.8,89,18.26,133.9,107,6.03,11.4,3,3.08,4,1,0.8828151365950809,True,True,True,True,Top10%_Model; Rule(CS>=4 & (IntlYes or VMNo))
MS,64,408,Yes,No,0,236.2,77,40.15,218.6,85,18.58,194.1,97,8.73,13.2,2,3.56,2,1,0.9782571336985535,True,False,False,True,Top10%_Model
CA,124,408,Yes,No,0,244.6,89,41.58,188.8,80,16.05,206.0,114,9.27,11.3,4,3.05,1,0,0.9667089809496116,True,False,False,True,Top10%_Model
MA,129,510,Yes,No,0,192.9,131,32.79,185.5,101,15.77,205.2,130,9.23,10.9,4,2.94,1,0,0.888503078287975,True,False,False,True,Top10%_Model
MA,102,510,Yes,No,0,233.8,103,39.75,221.6,131,18.84,146.9,106,6.61,12.8,3,3.46,0,0,0.8944899164922497,True,False,False,True,Top10%_Model
AL,55,415,Yes,No,0,191.9,91,32.62,256.1,110,21.77,203.7,101,9.17,14.3,6,3.86,1,1,0.821564335583267,True,False,False,True,Top10%_Model
ME,75,408,Yes,No,0,211.3,61,35.92,105.6,119,8.98,175.9,63,7.92,9.7,4,2.62,4,1,0.9643669335917433,True,True,True,True,Top10%_Model; Rule(CS>=4 & (IntlYes or VMNo))
LA,67,510,No,No,0,310.4,97,52.77,66.5,123,5.65,246.5,99,11.09,9.2,10,2.48,4,0,0.7624994640185905,False,True,False,True,Rule(CS>=4 & (IntlYes or VMNo))
WI,69,510,Yes,No,0,279.8,90,47.57,248.7,91,21.14,171.0,118,7.69,8.4,10,2.27,2,1,0.9314299917409359,True,False,False,True,Top10%_Model
VT,95,510,Yes,Yes,41,136.8,91,23.26,200.8,61,17.07,133.7,67,6.02,10.3,9,2.78,5,1,0.8415706495229802,True,True,True,True,Top10%_Model; Rule(CS>=4 & (IntlYes or VMNo))
OK,101,408,No,No,0,89.7,118,15.25,260.1,79,22.11,170.1,93,7.65,13.5,11,3.65,5,1,0.6728284584526317,False,True,False,True,Rule(CS>=4 & (IntlYes or VMNo))
NV,105,415,Yes,Yes,29,220.7,82,37.52,217.7,110,18.5,190.5,100,8.57,13.2,6,3.56,1,1,0.8139137358185213,True,False,False,True,Top10%_Model
WA,166,408,Yes,Yes,35,128.2,138,21.79,274.5,113,23.33,298.9,130,13.45,8.8,7,2.38,2,0,0.8912842522751435,True,False,False,True,Top10%_Model
CA,79,510,No,No,0,157.6,85,26.79,194.1,92,16.5,231.5,86,10.42,9.4,10,2.54,5,1,0.8576386861881967,True,True,True,True,Top10%_Model; Rule(CS>=4 & (IntlYes or VMNo))
MT,109,408,No,No,0,264.7,69,45.0,305.0,120,25.93,197.4,86,8.88,9.5,9,2.57,1,1,0.8130085550229139,True,False,False,True,Top10%_Model
WI,165,510,No,No,0,154.2,91,26.21,268.6,108,22.83,188.8,99,8.5,10.9,4,2.94,6,0,0.8687154095429908,True,True,True,True,Top10%_Model; Rule(CS>=4 & (IntlYes or VMNo))
WV,115,510,Yes,No,0,249.9,95,42.48,242.5,104,20.61,151.7,121,6.83,15.3,6,4.13,1,1,0.9205190678347852,True,False,False,True,Top10%_Model
WI,149,415,Yes,Yes,28,126.9,97,21.57,166.9,102,14.19,145.2,77,6.53,8.8,3,2.38,5,1,0.8223749025514909,True,True,True,True,Top10%_Model; Rule(CS>=4 & (IntlYes or VMNo))
ND,167,408,Yes,No,0,219.1,100,37.25,242.9,90,20.65,168.9,101,7.6,10.1,4,2.73,2,0,0.9307923369283073,True,False,False,True,Top10%_Model
SC,87,408,No,No,0,322.5,106,54.83,204.6,93,17.39,186.2,128,8.38,9.4,4,2.54,2,1,0.9115642721636857,True,False,False,True,Top10%_Model
MA,136,408,Yes,No,0,199.6,89,33.93,211.4,96,17.97,72.4,84,3.26,11.0,4,2.97,3,1,0.9523195427345675,True,False,False,True,Top10%_Model
NE,127,510,Yes,No,0,180.9,114,30.75,209.5,118,17.81,249.9,105,11.25,7.4,4,2.0,2,0,0.8688379220588366,True,False,False,True,Top10%_Model
MO,167,415,Yes,No,0,244.8,91,41.62,60.8,105,5.17,176.7,110,7.95,10.7,3,2.89,2,0,0.8285292589535855,True,False,False,True,Top10%_Model
VT,101,415,No,No,0,153.8,89,26.15,234.0,89,19.89,196.3,77,8.83,11.6,2,3.13,4,0,0.5989630637559717,False,True,False,True,Rule(CS>=4 & (IntlYes or VMNo))
ND,12,510,Yes,No,0,216.7,117,36.84,116.5,126,9.9,220.0,110,9.9,9.8,4,2.65,2,0,0.8472260883066062,True,False,False,True,Top10%_Model
NY,94,510,Yes,No,0,243.2,109,41.34,147.0,88,12.5,94.9,99,4.27,7.2,4,1.94,4,0,0.9693244013095852,True,True,True,True,Top10%_Model; Rule(CS>=4 & (IntlYes or VMNo))
TX,217,408,No,No,0,176.4,115,29.99,158.8,128,13.5,306.6,107,13.8,9.3,3,2.51,4,0,0.8775179676907319,True,True,True,True,Top10%_Model; Rule(CS>=4 & (IntlYes or VMNo))
NY,108,415,No,No,0,154.2,123,26.21,112.3,86,9.55,246.4,75,11.09,15.4,4,4.16,4,1,0.7079307017507152,False,True,False,True,Rule(CS>=4 & (IntlYes or VMNo))
UT,82,510,Yes,No,0,208.8,101,35.5,213.7,87,18.16,175.1,86,7.88,12.4,6,3.35,3,0,0.9605170878769058,True,False,False,True,Top10%_Model
AL,72,415,No,No,0,217.8,93,37.03,189.7,113,16.12,182.6,91,8.22,10.4,5,2.81,4,0,0.6278517978736283,False,True,False,True,Rule(CS>=4 & (IntlYes or VMNo))
FL,136,408,Yes,No,0,199.2,122,33.86,214.7,114,18.25,150.9,105,6.79,11.8,7,3.19,1,0,0.8380300313184659,True,False,False,True,Top10%_Model
MI,91,415,No,No,0,154.4,165,26.25,168.3,121,14.31,239.9,81,10.8,11.7,4,3.16,5,1,0.8565750486601762,True,True,True,True,Top10%_Model; Rule(CS>=4 & (IntlYes or VMNo))
NM,119,415,Yes,Yes,15,160.0,95,27.2,209.5,110,17.81,82.3,107,3.7,8.7,5,2.35,5,1,0.7953482647629875,False,True,False,True,Rule(CS>=4 & (IntlYes or VMNo))
AZ,163,510,No,No,0,178.7,56,30.38,215.7,79,18.33,152.7,84,6.87,10.6,2,2.86,4,0,0.5333989469771565,False,True,False,True,Rule(CS>=4 & (IntlYes or VMNo))
RI,85,415,Yes,No,0,197.2,97,33.52,211.7,115,17.99,210.1,133,9.45,8.3,4,2.24,4,0,0.94952819384877,True,True,True,True,Top10%_Model; Rule(CS>=4 & (IntlYes or VMNo))
AZ,157,415,No,No,0,220.7,105,37.52,119.3,127,10.14,165.1,113,7.43,11.5,7,3.11,4,0,0.5223457184317236,False,True,False,True,Rule(CS>=4 & (IntlYes or VMNo))
MT,125,510,No,No,0,143.2,80,24.34,88.1,94,7.49,233.2,135,10.49,8.8,7,2.38,4,1,0.5839457430698358,False,True,False,True,Rule(CS>=4 & (IntlYes or VMNo))
MS,73,415,No,Yes,31,82.3,105,13.99,256.1,91,21.77,229.6,98,10.33,11.8,2,3.19,6,1,0.8063983751356145,True,False,False,True,Top10%_Model
SC,64,510,No,Yes,40,210.0,116,35.7,232.7,89,19.78,168.8,94,7.6,5.9,4,1.59,8,0,0.9799552118092324,True,False,False,True,Top10%_Model
KS,105,415,Yes,No,0,273.9,119,46.56,278.6,103,23.68,255.3,90,11.49,10.9,7,2.94,1,1,0.9733177321303179,True,False,False,True,Top10%_Model
AZ,66,510,No,No,0,154.0,133,26.18,198.9,121,16.91,151.9,100,6.84,9.5,3,2.57,4,1,0.4489764484306904,False,True,False,True,Rule(CS>=4 & (IntlYes or VMNo))
CT,95,415,No,Yes,36,283.1,112,48.13,286.2,86,24.33,261.7,129,11.78,11.3,3,3.05,3,0,0.8908886394415838,True,False,False,True,Top10%_Model
WY,16,415,No,No,0,174.7,83,29.7,280.8,122,23.87,171.7,80,7.73,10.5,8,2.84,5,0,0.755877682914825,False,True,False,True,Rule(CS>=4 & (IntlYes or VMNo))
MA,34,415,No,No,0,293.7,89,49.93,272.5,71,23.16,178.2,76,8.02,11.0,10,2.97,2,1,0.8095765408377851,True,False,False,True,Top10%_Model
MO,76,510,No,No,0,129.7,84,22.05,177.5,80,15.09,228.9,87,10.3,7.5,3,2.03,5,1,0.5207247692041619,False,True,False,True,Rule(CS>=4 & (IntlYes or VMNo))
NJ,80,415,No,No,0,268.7,120,45.68,301.0,147,25.59,167.0,140,7.52,5.8,1,1.57,2,1,0.8918495927271576,True,False,False,True,Top10%_Model
NH,83,415,No,No,0,231.3,100,39.32,210.4,84,17.88,217.4,106,9.78,12.4,2,3.35,3,0,0.8171442012267277,True,False,False,True,Top10%_Model
OH,135,415,No,No,0,218.8,123,37.2,242.8,64,20.64,85.8,80,3.86,10.3,3,2.78,4,0,0.8140948244436195,True,True,True,True,Top10%_Model; Rule(CS>=4 & (IntlYes or VMNo))
WA,100,408,No,No,0,70.8,94,12.04,215.6,102,18.33,230.8,125,10.39,9.5,1,2.57,6,1,0.8214476435309782,True,True,True,True,Top10%_Model; Rule(CS>=4 & (IntlYes or VMNo))
DE,81,510,Yes,No,0,250.6,85,42.6,187.9,50,15.97,120.3,131,5.41,7.8,5,2.11,1,0,0.8151587937231138,True,False,False,True,Top10%_Model
KS,94,408,No,No,0,269.2,104,45.76,193.8,144,16.47,257.6,61,11.59,8.9,2,2.4,3,1,0.8707297333731213,True,False,False,True,Top10%_Model
TX,123,408,No,No,0,260.9,85,44.35,168.5,103,14.32,178.3,91,8.02,13.3,5,3.59,3,0,0.868974819514551,True,False,False,True,Top10%_Model
NM,41,415,No,No,0,232.1,74,39.46,327.1,88,27.8,226.5,119,10.19,10.9,2,2.94,3,1,0.8226849556101558,True,False,False,True,Top10%_Model
CT,152,408,No,Yes,20,239.1,105,40.65,209.1,111,17.77,268.2,130,12.07,13.3,3,3.59,5,0,0.8666029858223632,True,False,False,True,Top10%_Model
IA,100,408,No,No,0,210.9,85,35.85,329.3,69,27.99,127.1,78,5.72,9.4,5,2.54,4,0,0.75380373246971,False,True,False,True,Rule(CS>=4 & (IntlYes or VMNo))
MS,29,510,No,No,0,313.2,103,53.24,216.3,151,18.39,218.4,106,9.83,12.8,4,3.46,2,1,0.914221960962042,True,False,False,True,Top10%_Model
MS,98,415,Yes,Yes,23,245.5,54,41.74,292.7,83,24.88,184.0,90,8.28,10.8,7,2.92,1,0,0.897701428593682,True,False,False,True,Top10%_Model
MT,102,408,No,No,0,273.2,85,46.44,211.1,82,17.94,203.7,129,9.17,13.1,7,3.54,2,1,0.8648068040661909,True,False,False,True,Top10%_Model
WY,127,510,Yes,No,0,247.5,99,42.08,108.5,118,9.22,232.0,72,10.44,10.6,3,2.86,2,0,0.89247109541147,True,False,False,True,Top10%_Model
NY,126,415,Yes,No,0,239.7,87,40.75,281.7,92,23.94,183.5,113,8.26,11.4,1,3.08,1,1,0.9665513258717678,True,False,False,True,Top10%_Model
CA,37,510,No,No,0,239.9,120,40.78,261.6,88,22.24,207.1,88,9.32,8.9,4,2.4,2,1,0.8585242689178287,True,False,False,True,Top10%_Model
CO,132,415,No,No,0,197.8,66,33.63,133.9,119,11.38,177.3,94,7.98,10.9,3,2.94,4,1,0.6536396897109901,False,True,False,True,Rule(CS>=4 & (IntlYes or VMNo))
TX,121,415,No,Yes,31,263.1,70,44.73,279.3,118,23.74,127.1,143,5.72,9.7,4,2.62,5,0,0.9341925173410047,True,False,False,True,Top10%_Model
VT,142,415,No,No,0,232.5,74,39.53,181.8,142,15.45,203.1,86,9.14,10.4,6,2.81,4,0,0.694250946579223,False,True,False,True,Rule(CS>=4 & (IntlYes or VMNo))
RI,143,408,No,No,0,167.8,72,28.53,211.0,99,17.94,153.5,109,6.91,10.5,6,2.84,4,1,0.4712676718489831,False,True,False,True,Rule(CS>=4 & (IntlYes or VMNo))
OR,138,415,Yes,Yes,28,211.2,117,35.9,312.5,98,26.56,178.0,118,8.01,10.7,2,2.89,3,1,0.9567351114651257,True,False,False,True,Top10%_Model
VA,163,415,No,No,0,202.9,100,34.49,178.6,46,15.18,203.8,116,9.17,12.8,3,3.46,5,0,0.6788175428977269,False,True,False,True,Rule(CS>=4 & (IntlYes or VMNo))
TN,37,415,No,No,0,221.0,126,37.57,204.5,110,17.38,118.0,98,5.31,6.8,3,1.84,4,0,0.5929693174190311,False,True,False,True,Rule(CS>=4 & (IntlYes or VMNo))
SC,209,510,No,No,0,255.1,124,43.37,230.6,110,19.6,218.0,69,9.81,8.5,5,2.3,3,1,0.9223730531449608,True,False,False,True,Top10%_Model
MD,119,408,No,No,0,239.1,88,40.65,243.5,79,20.7,230.9,92,10.39,10.9,3,2.94,3,1,0.8456782866349031,True,False,False,True,Top10%_Model
SC,112,415,No,No,0,266.0,97,45.22,214.6,94,18.24,306.2,100,13.78,14.2,2,3.83,2,1,0.9300755042466522,True,False,False,True,Top10%_Model
ME,28,415,No,No,0,236.8,102,40.26,167.1,87,14.2,280.2,115,12.61,9.7,3,2.62,3,0,0.813417312176933,True,False,False,True,Top10%_Model
IN,72,510,No,No,0,287.4,116,48.86,235.3,126,20.0,292.1,114,13.14,5.0,3,1.35,4,1,0.903588871850204,True,True,True,True,Top10%_Model; Rule(CS>=4 & (IntlYes or VMNo))
MN,155,408,Yes,No,0,250.8,146,42.64,152.5,105,12.96,148.1,104,6.66,10.0,5,2.7,2,0,0.9434880078429626,True,False,False,True,Top10%_Model
GA,136,415,No,No,0,163.4,83,27.78,249.3,119,21.19,249.7,90,11.24,9.8,4,2.65,7,0,0.9521179821428176,True,True,True,True,Top10%_Model; Rule(CS>=4 & (IntlYes or VMNo))
NC,95,408,No,No,0,128.6,115,21.86,216.2,88,18.38,255.3,96,11.49,6.3,2,1.7,6,1,0.8198441770994485,True,True,True,True,Top10%_Model; Rule(CS>=4 & (IntlYes or VMNo))
MI,108,408,Yes,No,0,115.1,114,19.57,211.3,70,17.96,136.1,85,6.12,13.8,3,3.73,2,1,0.8539448337236093,True,False,False,True,Top10%_Model
KY,64,415,Yes,No,0,146.7,83,24.94,148.3,91,12.61,238.6,69,10.74,12.5,3,3.38,3,0,0.889274719044758,True,False,False,True,Top10%_Model
CO,130,408,No,No,0,271.8,129,46.21,237.2,128,20.16,210.1,91,9.45,8.7,2,2.35,4,1,0.9308259897140506,True,True,True,True,Top10%_Model; Rule(CS>=4 & (IntlYes or VMNo))
MT,100,415,No,No,0,113.3,96,19.26,197.9,89,16.82,284.5,93,12.8,11.7,2,3.16,4,1,0.8220767228117087,True,True,True,True,Top10%_Model; Rule(CS>=4 & (IntlYes or VMNo))
IN,104,408,No,No,0,280.4,127,47.67,179.4,79,15.25,150.6,77,6.78,15.2,6,4.1,5,0,0.9150109176329118,True,True,True,True,Top10%_Model; Rule(CS>=4 & (IntlYes or VMNo))
NM,62,415,No,No,0,245.3,91,41.7,122.9,130,10.45,228.4,102,10.28,8.5,4,2.3,4,0,0.6808059586871359,False,True,False,True,Rule(CS>=4 & (IntlYes or VMNo))
OR,27,510,No,No,0,232.1,81,39.46,210.8,101,17.92,165.4,87,7.44,15.0,6,4.05,5,0,0.8848548235075931,True,True,True,True,Top10%_Model; Rule(CS>=4 & (IntlYes or VMNo))
WA,84,415,No,No,0,289.1,100,49.15,233.8,97,19.87,223.5,148,10.06,12.7,2,3.43,2,1,0.8903438108622764,True,False,False,True,Top10%_Model
MD,133,510,No,No,0,295.0,141,50.15,223.6,101,19.01,229.4,109,10.32,12.9,4,3.48,2,1,0.8694394244579127,True,False,False,True,Top10%_Model
CT,184,510,Yes,No,0,213.8,105,36.35,159.6,84,13.57,139.2,137,6.26,5.0,10,1.35,2,0,0.8211502457523429,True,False,False,True,Top10%_Model
